,A1real,A1best
0,"0      0.697272
1      0.737086
2      0.731879
3      0.608153
4      0.492272
         ...   
443    0.132127
444    0.121807
445    0.104785
446    0.079480
447    0.065954
Name: A1, Length: 448, dtype: float64","0      0.803163
1      0.746003
2      0.688843
3      0.631683
4      0.574523
         ...   
443    0.245100
444    0.187941
445    0.130781
446    0.073621
447    0.016461
Length: 448, dtype: float64"
